Workbook

Sheet CONFIG
A1: PARÁMETRO | B1: VALOR | C1: DESCRIPCIÓN
A2: Cuota mínima | B2: 1.5 | C2: Rango permitido del modelo
A3: Cuota máxima | B3: 2.5 | C3: Rango permitido del modelo
A4: Prob. mínima 1.50–1.59 | B4: 0.72 | C4: Filtro escalonado V2.2
A5: Prob. mínima 1.60–1.69 | B5: 0.7 | C5: Filtro escalonado V2.2
A6: Prob. mínima 1.70–1.79 | B6: 0.68 | C6: Filtro escalonado V2.2
A7: Prob. mínima 1.80–1.99 | B7: 0.66 | C7: Filtro escalonado V2.2
A8: Prob. mínima 2.00–2.19 | B8: 0.64 | C8: Filtro escalonado V2.2
A9: Prob. mínima 2.20–2.50 | B9: 0.62 | C9: Filtro escalonado V2.2
A10: EV mínimo | B10: 0.05 | C10: Ventaja mínima del modelo
A11: Confianza fuerte | B11: 80 | C11: Puntuación mínima para ALERTA FUERTE
A12: Confianza media | B12: 70 | C12: Puntuación mínima para ALERTA MEDIA
A13: Muestra mínima | B13: 5 | C13: Partidos necesarios para una señal estadística
A14: Mercados | B14: Ganador;Doble oportunidad;Goles;Córners;Tarjetas;Remates totales;Remates jugador;Pases totales;Faltas totales;Faltas jugador | C14: Mercados contemplados
A17: NOTA | B17: Los valores 0–1 representan evidencia favorable para ese criterio. 1 = muy favorable; 0 = desfavorable. La probabilidad del modelo debe ser una estimación basada en los datos, no una garantía.

Sheet MOTOR
A1: ID | B1: FECHA | C1: PARTIDO | D1: MERCADO | E1: SELECCIÓN | F1: CUOTA | G1: MUESTRA | H1: FREC_5 | I1: FREC_10 | J1: LOCAL_VISIT | K1: TENDENCIA | L1: CONSISTENCIA | M1: H2H | N1: CONTEXTO | O1: PROB_MODELO | P1: PROB_IMPLÍCITA | Q1: MARGEN_PP | R1: EV | S1: SCORE | T1: DECISIÓN | U1: RAZÓN | W1: INSTRUCCIONES
A2: =IF(C2="","",ROW()-1) | B2: 2026-08-20 | C2: EJEMPLO A vs B | D2: Córners | E2: Más de 8.5 | F2: 1.82 | G2: 10 | H2: 0.8 | I2: 0.75 | J2: 0.82 | K2: 0.8 | L2: 0.78 | M2: 0.65 | N2: 0.85 | O2: =IF(C2="","",MAX(0.05,MIN(0.95,0.20*H2+0.15*I2+0.15*J2+0.25*K2+0.10*L2+0.05*M2+0.10*N2))) | P2: =IFERROR(1/F2,"") | Q2: =IF(OR(O2="",P2=""),"",O2-P2) | R2: =IF(OR(O2="",F2=""),"",O2*F2-1) | S2: =IF(C2="","",ROUND(100*(0.20*H2+0.15*I2+0.15*J2+0.25*K2+0.10*L2+0.05*M2+0.10*N2),0)) | T2: =IF(C2="","",IF(OR(F2<PARAMETROS!$B$12,F2>PARAMETROS!$B$13,G2<PARAMETROS!$B$11),"NO APTO",IF(O2<IF(F2<1.6,CONFIG!$B$4,IF(F2<1.7,CONFIG!$B$5,IF(F2<1.8,CONFIG!$B$6,IF(F2<2,CONFIG!$B$7,IF(F2<2.2,CONFIG!$B$8,CONFIG!$B$9))))),"NO APTO",IF(R2<PARAMETROS!$B$14,"NO APTO",IF(S2>=PARAMETROS!$B$10,"ALERTA FUERTE",IF(S2>=PARAMETROS!$B$9,"ALERTA MEDIA","NO APTO")))))) | U2: =IF(T2="","",IF(T2="NO APTO","No cumple uno o más filtros",IF(T2="ALERTA FUERTE","Probabilidad, EV, muestra y score superan filtros","Cumple filtros con confianza media"))) | W2: 1) Introduce cuota y muestra.
A3: =IF(C3="","",ROW()-1) | O3: =IF(C3="","",MAX(0.05,MIN(0.95,0.20*H3+0.15*I3+0.15*J3+0.25*K3+0.10*L3+0.05*M3+0.10*N3))) | P3: =IFERROR(1/F3,"") | Q3: =IF(OR(O3="",P3=""),"",O3-P3) | R3: =IF(OR(O3="",F3=""),"",O3*F3-1) | S3: =IF(C3="","",ROUND(100*(0.20*H3+0.15*I3+0.15*J3+0.25*K3+0.10*L3+0.05*M3+0.10*N3),0)) | T3: =IF(C3="","",IF(OR(F3<PARAMETROS!$B$12,F3>PARAMETROS!$B$13,G3<PARAMETROS!$B$11),"NO APTO",IF(O3<IF(F3<1.6,CONFIG!$B$4,IF(F3<1.7,CONFIG!$B$5,IF(F3<1.8,CONFIG!$B$6,IF(F3<2,CONFIG!$B$7,IF(F3<2.2,CONFIG!$B$8,CONFIG!$B$9))))),"NO APTO",IF(R3<PARAMETROS!$B$14,"NO APTO",IF(S3>=PARAMETROS!$B$10,"ALERTA FUERTE",IF(S3>=PARAMETROS!$B$9,"ALERTA MEDIA","NO APTO")))))) | U3: =IF(T3="","",IF(T3="NO APTO","No cumple uno o más filtros",IF(T3="ALERTA FUERTE","Probabilidad, EV, muestra y score superan filtros","Cumple filtros con confianza media"))) | W3: 2) Coloca indicadores 0–1: 1 muy favorable; 0 desfavorable.
A4: =IF(C4="","",ROW()-1) | O4: =IF(C4="","",MAX(0.05,MIN(0.95,0.20*H4+0.15*I4+0.15*J4+0.25*K4+0.10*L4+0.05*M4+0.10*N4))) | P4: =IFERROR(1/F4,"") | Q4: =IF(OR(O4="",P4=""),"",O4-P4) | R4: =IF(OR(O4="",F4=""),"",O4*F4-1) | S4: =IF(C4="","",ROUND(100*(0.20*H4+0.15*I4+0.15*J4+0.25*K4+0.10*L4+0.05*M4+0.10*N4),0)) | T4: =IF(C4="","",IF(OR(F4<PARAMETROS!$B$12,F4>PARAMETROS!$B$13,G4<PARAMETROS!$B$11),"NO APTO",IF(O4<IF(F4<1.6,CONFIG!$B$4,IF(F4<1.7,CONFIG!$B$5,IF(F4<1.8,CONFIG!$B$6,IF(F4<2,CONFIG!$B$7,IF(F4<2.2,CONFIG!$B$8,CONFIG!$B$9))))),"NO APTO",IF(R4<PARAMETROS!$B$14,"NO APTO",IF(S4>=PARAMETROS!$B$10,"ALERTA FUERTE",IF(S4>=PARAMETROS!$B$9,"ALERTA MEDIA","NO APTO")))))) | U4: =IF(T4="","",IF(T4="NO APTO","No cumple uno o más filtros",IF(T4="ALERTA FUERTE","Probabilidad, EV, muestra y score superan filtros","Cumple filtros con confianza media"))) | W4: 3) O = probabilidad propia calculada por pesos.
A5: =IF(C5="","",ROW()-1) | O5: =IF(C5="","",MAX(0.05,MIN(0.95,0.20*H5+0.15*I5+0.15*J5+0.25*K5+0.10*L5+0.05*M5+0.10*N5))) | P5: =IFERROR(1/F5,"") | Q5: =IF(OR(O5="",P5=""),"",O5-P5) | R5: =IF(OR(O5="",F5=""),"",O5*F5-1) | S5: =IF(C5="","",ROUND(100*(0.20*H5+0.15*I5+0.15*J5+0.25*K5+0.10*L5+0.05*M5+0.10*N5),0)) | T5: =IF(C5="","",IF(OR(F5<PARAMETROS!$B$12,F5>PARAMETROS!$B$13,G5<PARAMETROS!$B$11),"NO APTO",IF(O5<IF(F5<1.6,CONFIG!$B$4,IF(F5<1.7,CONFIG!$B$5,IF(F5<1.8,CONFIG!$B$6,IF(F5<2,CONFIG!$B$7,IF(F5<2.2,CONFIG!$B$8,CONFIG!$B$9))))),"NO APTO",IF(R5<PARAMETROS!$B$14,"NO APTO",IF(S5>=PARAMETROS!$B$10,"ALERTA FUERTE",IF(S5>=PARAMETROS!$B$9,"ALERTA MEDIA","NO APTO")))))) | U5: =IF(T5="","",IF(T5="NO APTO","No cumple uno o más filtros",IF(T5="ALERTA FUERTE","Probabilidad, EV, muestra y score superan filtros","Cumple filtros con confianza media"))) | W5: 4) P = probabilidad implícita.
A6: =IF(C6="","",ROW()-1) | O6: =IF(C6="","",MAX(0.05,MIN(0.95,0.20*H6+0.15*I6+0.15*J6+0.25*K6+0.10*L6+0.05*M6+0.10*N6))) | P6: =IFERROR(1/F6,"") | Q6: =IF(OR(O6="",P6=""),"",O6-P6) | R6: =IF(OR(O6="",F6=""),"",O6*F6-1) | S6: =IF(C6="","",ROUND(100*(0.20*H6+0.15*I6+0.15*J6+0.25*K6+0.10*L6+0.05*M6+0.10*N6),0)) | T6: =IF(C6="","",IF(OR(F6<PARAMETROS!$B$12,F6>PARAMETROS!$B$13,G6<PARAMETROS!$B$11),"NO APTO",IF(O6<IF(F6<1.6,CONFIG!$B$4,IF(F6<1.7,CONFIG!$B$5,IF(F6<1.8,CONFIG!$B$6,IF(F6<2,CONFIG!$B$7,IF(F6<2.2,CONFIG!$B$8,CONFIG!$B$9))))),"NO APTO",IF(R6<PARAMETROS!$B$14,"NO APTO",IF(S6>=PARAMETROS!$B$10,"ALERTA FUERTE",IF(S6>=PARAMETROS!$B$9,"ALERTA MEDIA","NO APTO")))))) | U6: =IF(T6="","",IF(T6="NO APTO","No cumple uno o más filtros",IF(T6="ALERTA FUERTE","Probabilidad, EV, muestra y score superan filtros","Cumple filtros con confianza media"))) | W6: 5) R = EV.
A7: =IF(C7="","",ROW()-1) | O7: =IF(C7="","",MAX(0.05,MIN(0.95,0.20*H7+0.15*I7+0.15*J7+0.25*K7+0.10*L7+0.05*M7+0.10*N7))) | P7: =IFERROR(1/F7,"") | Q7: =IF(OR(O7="",P7=""),"",O7-P7) | R7: =IF(OR(O7="",F7=""),"",O7*F7-1) | S7: =IF(C7="","",ROUND(100*(0.20*H7+0.15*I7+0.15*J7+0.25*K7+0.10*L7+0.05*M7+0.10*N7),0)) | T7: =IF(C7="","",IF(OR(F7<PARAMETROS!$B$12,F7>PARAMETROS!$B$13,G7<PARAMETROS!$B$11),"NO APTO",IF(O7<IF(F7<1.6,CONFIG!$B$4,IF(F7<1.7,CONFIG!$B$5,IF(F7<1.8,CONFIG!$B$6,IF(F7<2,CONFIG!$B$7,IF(F7<2.2,CONFIG!$B$8,CONFIG!$B$9))))),"NO APTO",IF(R7<PARAMETROS!$B$14,"NO APTO",IF(S7>=PARAMETROS!$B$10,"ALERTA FUERTE",IF(S7>=PARAMETROS!$B$9,"ALERTA MEDIA","NO APTO")))))) | U7: =IF(T7="","",IF(T7="NO APTO","No cumple uno o más filtros",IF(T7="ALERTA FUERTE","Probabilidad, EV, muestra y score superan filtros","Cumple filtros con confianza media"))) | W7: 6) T = decisión.
A8: =IF(C8="","",ROW()-1) | O8: =IF(C8="","",MAX(0.05,MIN(0.95,0.20*H8+0.15*I8+0.15*J8+0.25*K8+0.10*L8+0.05*M8+0.10*N8))) | P8: =IFERROR(1/F8,"") | Q8: =IF(OR(O8="",P8=""),"",O8-P8) | R8: =IF(OR(O8="",F8=""),"",O8*F8-1) | S8: =IF(C8="","",ROUND(100*(0.20*H8+0.15*I8+0.15*J8+0.25*K8+0.10*L8+0.05*M8+0.10*N8),0)) | T8: =IF(C8="","",IF(OR(F8<PARAMETROS!$B$12,F8>PARAMETROS!$B$13,G8<PARAMETROS!$B$11),"NO APTO",IF(O8<IF(F8<1.6,CONFIG!$B$4,IF(F8<1.7,CONFIG!$B$5,IF(F8<1.8,CONFIG!$B$6,IF(F8<2,CONFIG!$B$7,IF(F8<2.2,CONFIG!$B$8,CONFIG!$B$9))))),"NO APTO",IF(R8<PARAMETROS!$B$14,"NO APTO",IF(S8>=PARAMETROS!$B$10,"ALERTA FUERTE",IF(S8>=PARAMETROS!$B$9,"ALERTA MEDIA","NO APTO")))))) | U8: =IF(T8="","",IF(T8="NO APTO","No cumple uno o más filtros",IF(T8="ALERTA FUERTE","Probabilidad, EV, muestra y score superan filtros","Cumple filtros con confianza media"))) | W8: 7) Sustituir los valores manuales por datos API en la siguiente integración.
A9: =IF(C9="","",ROW()-1) | O9: =IF(C9="","",MAX(0.05,MIN(0.95,0.20*H9+0.15*I9+0.15*J9+0.25*K9+0.10*L9+0.05*M9+0.10*N9))) | P9: =IFERROR(1/F9,"") | Q9: =IF(OR(O9="",P9=""),"",O9-P9) | R9: =IF(OR(O9="",F9=""),"",O9*F9-1) | S9: =IF(C9="","",ROUND(100*(0.20*H9+0.15*I9+0.15*J9+0.25*K9+0.10*L9+0.05*M9+0.10*N9),0)) | T9: =IF(C9="","",IF(OR(F9<PARAMETROS!$B$12,F9>PARAMETROS!$B$13,G9<PARAMETROS!$B$11),"NO APTO",IF(O9<IF(F9<1.6,CONFIG!$B$4,IF(F9<1.7,CONFIG!$B$5,IF(F9<1.8,CONFIG!$B$6,IF(F9<2,CONFIG!$B$7,IF(F9<2.2,CONFIG!$B$8,CONFIG!$B$9))))),"NO APTO",IF(R9<PARAMETROS!$B$14,"NO APTO",IF(S9>=PARAMETROS!$B$10,"ALERTA FUERTE",IF(S9>=PARAMETROS!$B$9,"ALERTA MEDIA","NO APTO")))))) | U9: =IF(T9="","",IF(T9="NO APTO","No cumple uno o más filtros",IF(T9="ALERTA FUERTE","Probabilidad, EV, muestra y score superan filtros","Cumple filtros con confianza media")))
A10: =IF(C10="","",ROW()-1) | O10: =IF(C10="","",MAX(0.05,MIN(0.95,0.20*H10+0.15*I10+0.15*J10+0.25*K10+0.10*L10+0.05*M10+0.10*N10))) | P10: =IFERROR(1/F10,"") | Q10: =IF(OR(O10="",P10=""),"",O10-P10) | R10: =IF(OR(O10="",F10=""),"",O10*F10-1) | S10: =IF(C10="","",ROUND(100*(0.20*H10+0.15*I10+0.15*J10+0.25*K10+0.10*L10+0.05*M10+0.10*N10),0)) | T10: =IF(C10="","",IF(OR(F10<PARAMETROS!$B$12,F10>PARAMETROS!$B$13,G10<PARAMETROS!$B$11),"NO APTO",IF(O10<IF(F10<1.6,CONFIG!$B$4,IF(F10<1.7,CONFIG!$B$5,IF(F10<1.8,CONFIG!$B$6,IF(F10<2,CONFIG!$B$7,IF(F10<2.2,CONFIG!$B$8,CONFIG!$B$9))))),"NO APTO",IF(R10<PARAMETROS!$B$14,"NO APTO",IF(S10>=PARAMETROS!$B$10,"ALERTA FUERTE",IF(S10>=PARAMETROS!$B$9,"ALERTA MEDIA","NO APTO")))))) | U10: =IF(T10="","",IF(T10="NO APTO","No cumple uno o más filtros",IF(T10="ALERTA FUERTE","Probabilidad, EV, muestra y score superan filtros","Cumple filtros con confianza media")))
A11: =IF(C11="","",ROW()-1) | O11: =IF(C11="","",MAX(0.05,MIN(0.95,0.20*H11+0.15*I11+0.15*J11+0.25*K11+0.10*L11+0.05*M11+0.10*N11))) | P11: =IFERROR(1/F11,"") | Q11: =IF(OR(O11="",P11=""),"",O11-P11) | R11: =IF(OR(O11="",F11=""),"",O11*F11-1) | S11: =IF(C11="","",ROUND(100*(0.20*H11+0.15*I11+0.15*J11+0.25*K11+0.10*L11+0.05*M11+0.10*N11),0)) | T11: =IF(C11="","",IF(OR(F11<PARAMETROS!$B$12,F11>PARAMETROS!$B$13,G11<PARAMETROS!$B$11),"NO APTO",IF(O11<IF(F11<1.6,CONFIG!$B$4,IF(F11<1.7,CONFIG!$B$5,IF(F11<1.8,CONFIG!$B$6,IF(F11<2,CONFIG!$B$7,IF(F11<2.2,CONFIG!$B$8,CONFIG!$B$9))))),"NO APTO",IF(R11<PARAMETROS!$B$14,"NO APTO",IF(S11>=PARAMETROS!$B$10,"ALERTA FUERTE",IF(S11>=PARAMETROS!$B$9,"ALERTA MEDIA","NO APTO")))))) | U11: =IF(T11="","",IF(T11="NO APTO","No cumple uno o más filtros",IF(T11="ALERTA FUERTE","Probabilidad, EV, muestra y score superan filtros","Cumple filtros con confianza media")))
A12: =IF(C12="","",ROW()-1) | O12: =IF(C12="","",MAX(0.05,MIN(0.95,0.20*H12+0.15*I12+0.15*J12+0.25*K12+0.10*L12+0.05*M12+0.10*N12))) | P12: =IFERROR(1/F12,"") | Q12: =IF(OR(O12="",P12=""),"",O12-P12) | R12: =IF(OR(O12="",F12=""),"",O12*F12-1) | S12: =IF(C12="","",ROUND(100*(0.20*H12+0.15*I12+0.15*J12+0.25*K12+0.10*L12+0.05*M12+0.10*N12),0)) | T12: =IF(C12="","",IF(OR(F12<PARAMETROS!$B$12,F12>PARAMETROS!$B$13,G12<PARAMETROS!$B$11),"NO APTO",IF(O12<IF(F12<1.6,CONFIG!$B$4,IF(F12<1.7,CONFIG!$B$5,IF(F12<1.8,CONFIG!$B$6,IF(F12<2,CONFIG!$B$7,IF(F12<2.2,CONFIG!$B$8,CONFIG!$B$9))))),"NO APTO",IF(R12<PARAMETROS!$B$14,"NO APTO",IF(S12>=PARAMETROS!$B$10,"ALERTA FUERTE",IF(S12>=PARAMETROS!$B$9,"ALERTA MEDIA","NO APTO")))))) | U12: =IF(T12="","",IF(T12="NO APTO","No cumple uno o más filtros",IF(T12="ALERTA FUERTE","Probabilidad, EV, muestra y score superan filtros","Cumple filtros con confianza media")))
A13: =IF(C13="","",ROW()-1) | O13: =IF(C13="","",MAX(0.05,MIN(0.95,0.20*H13+0.15*I13+0.15*J13+0.25*K13+0.10*L13+0.05*M13+0.10*N13))) | P13: =IFERROR(1/F13,"") | Q13: =IF(OR(O13="",P13=""),"",O13-P13) | R13: =IF(OR(O13="",F13=""),"",O13*F13-1) | S13: =IF(C13="","",ROUND(100*(0.20*H13+0.15*I13+0.15*J13+0.25*K13+0.10*L13+0.05*M13+0.10*N13),0)) | T13: =IF(C13="","",IF(OR(F13<PARAMETROS!$B$12,F13>PARAMETROS!$B$13,G13<PARAMETROS!$B$11),"NO APTO",IF(O13<IF(F13<1.6,CONFIG!$B$4,IF(F13<1.7,CONFIG!$B$5,IF(F13<1.8,CONFIG!$B$6,IF(F13<2,CONFIG!$B$7,IF(F13<2.2,CONFIG!$B$8,CONFIG!$B$9))))),"NO APTO",IF(R13<PARAMETROS!$B$14,"NO APTO",IF(S13>=PARAMETROS!$B$10,"ALERTA FUERTE",IF(S13>=PARAMETROS!$B$9,"ALERTA MEDIA","NO APTO")))))) | U13: =IF(T13="","",IF(T13="NO APTO","No cumple uno o más filtros",IF(T13="ALERTA FUERTE","Probabilidad, EV, muestra y score superan filtros","Cumple filtros con confianza media")))
A14: =IF(C14="","",ROW()-1) | O14: =IF(C14="","",MAX(0.05,MIN(0.95,0.20*H14+0.15*I14+0.15*J14+0.25*K14+0.10*L14+0.05*M14+0.10*N14))) | P14: =IFERROR(1/F14,"") | Q14: =IF(OR(O14="",P14=""),"",O14-P14) | R14: =IF(OR(O14="",F14=""),"",O14*F14-1) | S14: =IF(C14="","",ROUND(100*(0.20*H14+0.15*I14+0.15*J14+0.25*K14+0.10*L14+0.05*M14+0.10*N14),0)) | T14: =IF(C14="","",IF(OR(F14<PARAMETROS!$B$12,F14>PARAMETROS!$B$13,G14<PARAMETROS!$B$11),"NO APTO",IF(O14<IF(F14<1.6,CONFIG!$B$4,IF(F14<1.7,CONFIG!$B$5,IF(F14<1.8,CONFIG!$B$6,IF(F14<2,CONFIG!$B$7,IF(F14<2.2,CONFIG!$B$8,CONFIG!$B$9))))),"NO APTO",IF(R14<PARAMETROS!$B$14,"NO APTO",IF(S14>=PARAMETROS!$B$10,"ALERTA FUERTE",IF(S14>=PARAMETROS!$B$9,"ALERTA MEDIA","NO APTO")))))) | U14: =IF(T14="","",IF(T14="NO APTO","No cumple uno o más filtros",IF(T14="ALERTA FUERTE","Probabilidad, EV, muestra y score superan filtros","Cumple filtros con confianza media")))
A15: =IF(C15="","",ROW()-1) | O15: =IF(C15="","",MAX(0.05,MIN(0.95,0.20*H15+0.15*I15+0.15*J15+0.25*K15+0.10*L15+0.05*M15+0.10*N15))) | P15: =IFERROR(1/F15,"") | Q15: =IF(OR(O15="",P15=""),"",O15-P15) | R15: =IF(OR(O15="",F15=""),"",O15*F15-1) | S15: =IF(C15="","",ROUND(100*(0.20*H15+0.15*I15+0.15*J15+0.25*K15+0.10*L15+0.05*M15+0.10*N15),0)) | T15: =IF(C15="","",IF(OR(F15<PARAMETROS!$B$12,F15>PARAMETROS!$B$13,G15<PARAMETROS!$B$11),"NO APTO",IF(O15<IF(F15<1.6,CONFIG!$B$4,IF(F15<1.7,CONFIG!$B$5,IF(F15<1.8,CONFIG!$B$6,IF(F15<2,CONFIG!$B$7,IF(F15<2.2,CONFIG!$B$8,CONFIG!$B$9))))),"NO APTO",IF(R15<PARAMETROS!$B$14,"NO APTO",IF(S15>=PARAMETROS!$B$10,"ALERTA FUERTE",IF(S15>=PARAMETROS!$B$9,"ALERTA MEDIA","NO APTO")))))) | U15: =IF(T15="","",IF(T15="NO APTO","No cumple uno o más filtros",IF(T15="ALERTA FUERTE","Probabilidad, EV, muestra y score superan filtros","Cumple filtros con confianza media")))
A16: =IF(C16="","",ROW()-1) | O16: =IF(C16="","",MAX(0.05,MIN(0.95,0.20*H16+0.15*I16+0.15*J16+0.25*K16+0.10*L16+0.05*M16+0.10*N16))) | P16: =IFERROR(1/F16,"") | Q16: =IF(OR(O16="",P16=""),"",O16-P16) | R16: =IF(OR(O16="",F16=""),"",O16*F16-1) | S16: =IF(C16="","",ROUND(100*(0.20*H16+0.15*I16+0.15*J16+0.25*K16+0.10*L16+0.05*M16+0.10*N16),0)) | T16: =IF(C16="","",IF(OR(F16<PARAMETROS!$B$12,F16>PARAMETROS!$B$13,G16<PARAMETROS!$B$11),"NO APTO",IF(O16<IF(F16<1.6,CONFIG!$B$4,IF(F16<1.7,CONFIG!$B$5,IF(F16<1.8,CONFIG!$B$6,IF(F16<2,CONFIG!$B$7,IF(F16<2.2,CONFIG!$B$8,CONFIG!$B$9))))),"NO APTO",IF(R16<PARAMETROS!$B$14,"NO APTO",IF(S16>=PARAMETROS!$B$10,"ALERTA FUERTE",IF(S16>=PARAMETROS!$B$9,"ALERTA MEDIA","NO APTO")))))) | U16: =IF(T16="","",IF(T16="NO APTO","No cumple uno o más filtros",IF(T16="ALERTA FUERTE","Probabilidad, EV, muestra y score superan filtros","Cumple filtros con confianza media")))
A17: =IF(C17="","",ROW()-1) | O17: =IF(C17="","",MAX(0.05,MIN(0.95,0.20*H17+0.15*I17+0.15*J17+0.25*K17+0.10*L17+0.05*M17+0.10*N17))) | P17: =IFERROR(1/F17,"") | Q17: =IF(OR(O17="",P17=""),"",O17-P17) | R17: =IF(OR(O17="",F17=""),"",O17*F17-1) | S17: =IF(C17="","",ROUND(100*(0.20*H17+0.15*I17+0.15*J17+0.25*K17+0.10*L17+0.05*M17+0.10*N17),0)) | T17: =IF(C17="","",IF(OR(F17<PARAMETROS!$B$12,F17>PARAMETROS!$B$13,G17<PARAMETROS!$B$11),"NO APTO",IF(O17<IF(F17<1.6,CONFIG!$B$4,IF(F17<1.7,CONFIG!$B$5,IF(F17<1.8,CONFIG!$B$6,IF(F17<2,CONFIG!$B$7,IF(F17<2.2,CONFIG!$B$8,CONFIG!$B$9))))),"NO APTO",IF(R17<PARAMETROS!$B$14,"NO APTO",IF(S17>=PARAMETROS!$B$10,"ALERTA FUERTE",IF(S17>=PARAMETROS!$B$9,"ALERTA MEDIA","NO APTO")))))) | U17: =IF(T17="","",IF(T17="NO APTO","No cumple uno o más filtros",IF(T17="ALERTA FUERTE","Probabilidad, EV, muestra y score superan filtros","Cumple filtros con confianza media")))
A18: =IF(C18="","",ROW()-1) | O18: =IF(C18="","",MAX(0.05,MIN(0.95,0.20*H18+0.15*I18+0.15*J18+0.25*K18+0.10*L18+0.05*M18+0.10*N18))) | P18: =IFERROR(1/F18,"") | Q18: =IF(OR(O18="",P18=""),"",O18-P18) | R18: =IF(OR(O18="",F18=""),"",O18*F18-1) | S18: =IF(C18="","",ROUND(100*(0.20*H18+0.15*I18+0.15*J18+0.25*K18+0.10*L18+0.05*M18+0.10*N18),0)) | T18: =IF(C18="","",IF(OR(F18<PARAMETROS!$B$12,F18>PARAMETROS!$B$13,G18<PARAMETROS!$B$11),"NO APTO",IF(O18<IF(F18<1.6,CONFIG!$B$4,IF(F18<1.7,CONFIG!$B$5,IF(F18<1.8,CONFIG!$B$6,IF(F18<2,CONFIG!$B$7,IF(F18<2.2,CONFIG!$B$8,CONFIG!$B$9))))),"NO APTO",IF(R18<PARAMETROS!$B$14,"NO APTO",IF(S18>=PARAMETROS!$B$10,"ALERTA FUERTE",IF(S18>=PARAMETROS!$B$9,"ALERTA MEDIA","NO APTO")))))) | U18: =IF(T18="","",IF(T18="NO APTO","No cumple uno o más filtros",IF(T18="ALERTA FUERTE","Probabilidad, EV, muestra y score superan filtros","Cumple filtros con confianza media")))
A19: =IF(C19="","",ROW()-1) | O19: =IF(C19="","",MAX(0.05,MIN(0.95,0.20*H19+0.15*I19+0.15*J19+0.25*K19+0.10*L19+0.05*M19+0.10*N19))) | P19: =IFERROR(1/F19,"") | Q19: =IF(OR(O19="",P19=""),"",O19-P19) | R19: =IF(OR(O19="",F19=""),"",O19*F19-1) | S19: =IF(C19="","",ROUND(100*(0.20*H19+0.15*I19+0.15*J19+0.25*K19+0.10*L19+0.05*M19+0.10*N19),0)) | T19: =IF(C19="","",IF(OR(F19<PARAMETROS!$B$12,F19>PARAMETROS!$B$13,G19<PARAMETROS!$B$11),"NO APTO",IF(O19<IF(F19<1.6,CONFIG!$B$4,IF(F19<1.7,CONFIG!$B$5,IF(F19<1.8,CONFIG!$B$6,IF(F19<2,CONFIG!$B$7,IF(F19<2.2,CONFIG!$B$8,CONFIG!$B$9))))),"NO APTO",IF(R19<PARAMETROS!$B$14,"NO APTO",IF(S19>=PARAMETROS!$B$10,"ALERTA FUERTE",IF(S19>=PARAMETROS!$B$9,"ALERTA MEDIA","NO APTO")))))) | U19: =IF(T19="","",IF(T19="NO APTO","No cumple uno o más filtros",IF(T19="ALERTA FUERTE","Probabilidad, EV, muestra y score superan filtros","Cumple filtros con confianza media")))
A20: =IF(C20="","",ROW()-1) | O20: =IF(C20="","",MAX(0.05,MIN(0.95,0.20*H20+0.15*I20+0.15*J20+0.25*K20+0.10*L20+0.05*M20+0.10*N20))) | P20: =IFERROR(1/F20,"") | Q20: =IF(OR(O20="",P20=""),"",O20-P20) | R20: =IF(OR(O20="",F20=""),"",O20*F20-1) | S20: =IF(C20="","",ROUND(100*(0.20*H20+0.15*I20+0.15*J20+0.25*K20+0.10*L20+0.05*M20+0.10*N20),0)) | T20: =IF(C20="","",IF(OR(F20<PARAMETROS!$B$12,F20>PARAMETROS!$B$13,G20<PARAMETROS!$B$11),"NO APTO",IF(O20<IF(F20<1.6,CONFIG!$B$4,IF(F20<1.7,CONFIG!$B$5,IF(F20<1.8,CONFIG!$B$6,IF(F20<2,CONFIG!$B$7,IF(F20<2.2,CONFIG!$B$8,CONFIG!$B$9))))),"NO APTO",IF(R20<PARAMETROS!$B$14,"NO APTO",IF(S20>=PARAMETROS!$B$10,"ALERTA FUERTE",IF(S20>=PARAMETROS!$B$9,"ALERTA MEDIA","NO APTO")))))) | U20: =IF(T20="","",IF(T20="NO APTO","No cumple uno o más filtros",IF(T20="ALERTA FUERTE","Probabilidad, EV, muestra y score superan filtros","Cumple filtros con confianza media")))
... A301: =IF(C301="","",ROW()-1) | O301: =IF(C301="","",MAX(0.05,MIN(0.95,0.20*H301+0.15*I301+0.15*J301+0.25*K301+0.10*L301+0.05*M301+0.10*N301))) | P301: =IFERROR(1/F301,"") | Q301: =IF(OR(O301="",P301=""),"",O301-P301) | R301: =IF(OR(O301="",F301=""),"",O301*F301-1) | S301: =IF(C301="","",ROUND(100*(0.20*H301+0.15*I301+0.15*J301+0.25*K301+0.10*L301+0.05*M301+0.10*N301),0)) | T301: =IF(C301="","",IF(OR(F301<PARAMETROS!$B$12,F301>PARAMETROS!$B$13,G301<PARAMETROS!$B$11),"NO APTO",IF(O301<IF(F301<1.6,CONFIG!$B$4,IF(F301<1.7,CONFIG!$B$5,IF(F301<1.8,CONFIG!$B$6,IF(F301<2,CONFIG!$B$7,IF(F301<2.2,CONFIG!$B$8,CONFIG!$B$9))))),"NO APTO",IF(R301<PARAMETROS!$B$14,"NO APTO",IF(S301>=PARAMETROS!$B$10,"ALERTA FUERTE",IF(S301>=PARAMETROS!$B$9,"ALERTA MEDIA","NO APTO")))))) | U301: =IF(T301="","",IF(T301="NO APTO","No cumple uno o más filtros",IF(T301="ALERTA FUERTE","Probabilidad, EV, muestra y score superan filtros","Cumple filtros con confianza media")))

Sheet MERCADOS
A1: MERCADO | B1: VARIABLE PRINCIPAL | C1: LINEA | D1: ORIENTACIÓN | E1: REQUISITO BASE | F1: OBSERVACIÓN
A2: 1X2 | B2: Probabilidad del resultado | D2: A favor | E2: Prob. modelo > implícita | F2: Usar forma y local/visitante
A3: Doble oportunidad | B3: Probabilidad 1X/X2 | D3: A favor | E3: Prob. modelo > implícita | F3: Más conservador
A4: Goles | B4: Promedio goles + frecuencia línea | C4: 2.5 | D4: Over/Under | E4: Muestra >= 5 | F4: Ajustar línea
A5: Córners | B5: Promedio córners + frecuencia línea | C5: 8.5 | D5: Over/Under | E5: Muestra >= 5 | F5: Ajustar línea
A6: Tarjetas | B6: Promedio tarjetas + frecuencia línea | C6: 4.5 | D6: Over/Under | E6: Muestra >= 5 | F6: Contexto arbitral opcional
A7: Tiros | B7: Promedio tiros + frecuencia línea | C7: 22.5 | D7: Over/Under | E7: Muestra >= 5 | F7: Equipo/partido
A8: Tiros al arco | B8: Promedio tiros al arco + frecuencia | C8: 8.5 | D8: Over/Under | E8: Muestra >= 5 | F8: Equipo/partido
A9: Pases | B9: Promedio pases + frecuencia | D9: Over/Under | E9: Muestra >= 5 | F9: Fase posterior
A10: Faltas | B10: Promedio faltas + frecuencia | C10: 24.5 | D10: Over/Under | E10: Muestra >= 5 | F10: Fase posterior

Sheet PARAMETROS
A1: PARÁMETRO | B1: VALOR | C1: USO
A2: Peso forma últimos 5 | B2: 0.2 | C2: Forma reciente
A3: Peso forma últimos 10 | B3: 0.15 | C3: Estabilidad
A4: Peso local/visitante | B4: 0.15 | C4: Split contextual
A5: Peso tendencia mercado | B5: 0.25 | C5: Variable principal del mercado
A6: Peso consistencia | B6: 0.1 | C6: Regularidad
A7: Peso H2H | B7: 0.05 | C7: Complementario
A8: Peso contexto | B8: 0.1 | C8: Alineaciones/lesiones/movimiento
A9: Confianza mínima | B9: 70 | C9: Score mínimo
A10: Confianza fuerte | B10: 80 | C10: Score fuerte
A11: Muestra mínima | B11: 5 | C11: Mínimo de observaciones
A12: Cuota mínima | B12: 1.5 | C12: Filtro
A13: Cuota máxima | B13: 2.5 | C13: Filtro
A14: EV mínimo | B14: 0.05 | C14: Filtro de valor

Sheet EVALUADOR
A1: ID | B1: FECHA | C1: HORA | D1: LIGA | E1: PARTIDO | F1: MERCADO | G1: SELECCIÓN | H1: CUOTA | I1: FORMA_LOCAL | J1: FORMA_VISITANTE | K1: PROMEDIO_MERCADO | L1: TENDENCIA | M1: LOCAL_VISITANTE | N1: H2H | O1: ALINEACIONES | P1: LESIONES | Q1: MOV_CUOTA | R1: MUESTRA | S1: PROB_MODELO | T1: PROB_IMPLÍCITA | U1: MARGEN_PP | V1: EV | W1: PUNTUACIÓN | X1: NIVEL | Y1: DECISIÓN | Z1: MOTIVO
A2: =IF(E2="","",ROW()-1) | B2: 2026-08-19 | C2: 02:00 | D2: OFC Champions League | E2: ABM Galaxy vs Central Coast | F2: PENDIENTE | G2: SELECCIONAR MERCADO | T2: =IFERROR(1/H2,"") | U2: =IF(OR(S2="",T2=""),"",S2-T2) | V2: =IF(OR(S2="",H2=""),"",S2*H2-1) | W2: =IF(E2="","",ROUND(100*(0.22*I2+0.18*J2+0.18*K2+0.10*L2+0.08*M2+0.06*N2+0.06*O2+0.04*P2+0.04*Q2+0.04*MIN(R2/10,1)),0)) | X2: =IF(W2="","",IF(W2>=CONFIG!$B$11,"FUERTE",IF(W2>=CONFIG!$B$12,"MEDIA","BAJA"))) | Y2: =IF(OR(H2="",S2=""),"",IF(OR(H2<CONFIG!$B$2,H2>CONFIG!$B$3),"NO APTO",IF(S2<IF(H2<1.6,CONFIG!$B$4,IF(H2<1.7,CONFIG!$B$5,IF(H2<1.8,CONFIG!$B$6,IF(H2<2,CONFIG!$B$7,IF(H2<2.2,CONFIG!$B$8,CONFIG!$B$9))))),"NO APTO",IF(V2<CONFIG!$B$10,"NO APTO",IF(AND(W2>=CONFIG!$B$11,R2>=CONFIG!$B$13),"ALERTA FUERTE",IF(AND(W2>=CONFIG!$B$12,R2>=CONFIG!$B$13),"ALERTA MEDIA","NO APTO")))))) | Z2: =IF(Y2="","",IF(Y2="NO APTO","Revisar cuota/probabilidad/EV/puntuación/muestra",IF(Y2="ALERTA FUERTE","Cumple filtros de cuota + probabilidad + EV + confianza + muestra","Cumple filtros, pero confianza inferior a FUERTE")))
A3: =IF(E3="","",ROW()-1) | B3: 2026-08-19 | C3: 03:00 | D3: U19 League | E3: LNZ Cherkasy U19 vs Lviv U19 | F3: PENDIENTE | G3: SELECCIONAR MERCADO | T3: =IFERROR(1/H3,"") | U3: =IF(OR(S3="",T3=""),"",S3-T3) | V3: =IF(OR(S3="",H3=""),"",S3*H3-1) | W3: =IF(E3="","",ROUND(100*(0.22*I3+0.18*J3+0.18*K3+0.10*L3+0.08*M3+0.06*N3+0.06*O3+0.04*P3+0.04*Q3+0.04*MIN(R3/10,1)),0)) | X3: =IF(W3="","",IF(W3>=CONFIG!$B$11,"FUERTE",IF(W3>=CONFIG!$B$12,"MEDIA","BAJA"))) | Y3: =IF(OR(H3="",S3=""),"",IF(OR(H3<CONFIG!$B$2,H3>CONFIG!$B$3),"NO APTO",IF(S3<IF(H3<1.6,CONFIG!$B$4,IF(H3<1.7,CONFIG!$B$5,IF(H3<1.8,CONFIG!$B$6,IF(H3<2,CONFIG!$B$7,IF(H3<2.2,CONFIG!$B$8,CONFIG!$B$9))))),"NO APTO",IF(V3<CONFIG!$B$10,"NO APTO",IF(AND(W3>=CONFIG!$B$11,R3>=CONFIG!$B$13),"ALERTA FUERTE",IF(AND(W3>=CONFIG!$B$12,R3>=CONFIG!$B$13),"ALERTA MEDIA","NO APTO")))))) | Z3: =IF(Y3="","",IF(Y3="NO APTO","Revisar cuota/probabilidad/EV/puntuación/muestra",IF(Y3="ALERTA FUERTE","Cumple filtros de cuota + probabilidad + EV + confianza + muestra","Cumple filtros, pero confianza inferior a FUERTE")))
A4: =IF(E4="","",ROW()-1) | B4: 2026-08-19 | C4: 03:00 | D4: Emperor Cup | E4: Arterivo Wakayama vs Azul Claro Numazu | F4: PENDIENTE | G4: SELECCIONAR MERCADO | T4: =IFERROR(1/H4,"") | U4: =IF(OR(S4="",T4=""),"",S4-T4) | V4: =IF(OR(S4="",H4=""),"",S4*H4-1) | W4: =IF(E4="","",ROUND(100*(0.22*I4+0.18*J4+0.18*K4+0.10*L4+0.08*M4+0.06*N4+0.06*O4+0.04*P4+0.04*Q4+0.04*MIN(R4/10,1)),0)) | X4: =IF(W4="","",IF(W4>=CONFIG!$B$11,"FUERTE",IF(W4>=CONFIG!$B$12,"MEDIA","BAJA"))) | Y4: =IF(OR(H4="",S4=""),"",IF(OR(H4<CONFIG!$B$2,H4>CONFIG!$B$3),"NO APTO",IF(S4<IF(H4<1.6,CONFIG!$B$4,IF(H4<1.7,CONFIG!$B$5,IF(H4<1.8,CONFIG!$B$6,IF(H4<2,CONFIG!$B$7,IF(H4<2.2,CONFIG!$B$8,CONFIG!$B$9))))),"NO APTO",IF(V4<CONFIG!$B$10,"NO APTO",IF(AND(W4>=CONFIG!$B$11,R4>=CONFIG!$B$13),"ALERTA FUERTE",IF(AND(W4>=CONFIG!$B$12,R4>=CONFIG!$B$13),"ALERTA MEDIA","NO APTO")))))) | Z4: =IF(Y4="","",IF(Y4="NO APTO","Revisar cuota/probabilidad/EV/puntuación/muestra",IF(Y4="ALERTA FUERTE","Cumple filtros de cuota + probabilidad + EV + confianza + muestra","Cumple filtros, pero confianza inferior a FUERTE")))
A5: =IF(E5="","",ROW()-1) | B5: 2026-08-19 | C5: 03:00 | D5: Friendlies Clubs | E5: Dong Thap vs Ho Chi Minh | F5: PENDIENTE | G5: SELECCIONAR MERCADO | T5: =IFERROR(1/H5,"") | U5: =IF(OR(S5="",T5=""),"",S5-T5) | V5: =IF(OR(S5="",H5=""),"",S5*H5-1) | W5: =IF(E5="","",ROUND(100*(0.22*I5+0.18*J5+0.18*K5+0.10*L5+0.08*M5+0.06*N5+0.06*O5+0.04*P5+0.04*Q5+0.04*MIN(R5/10,1)),0)) | X5: =IF(W5="","",IF(W5>=CONFIG!$B$11,"FUERTE",IF(W5>=CONFIG!$B$12,"MEDIA","BAJA"))) | Y5: =IF(OR(H5="",S5=""),"",IF(OR(H5<CONFIG!$B$2,H5>CONFIG!$B$3),"NO APTO",IF(S5<IF(H5<1.6,CONFIG!$B$4,IF(H5<1.7,CONFIG!$B$5,IF(H5<1.8,CONFIG!$B$6,IF(H5<2,CONFIG!$B$7,IF(H5<2.2,CONFIG!$B$8,CONFIG!$B$9))))),"NO APTO",IF(V5<CONFIG!$B$10,"NO APTO",IF(AND(W5>=CONFIG!$B$11,R5>=CONFIG!$B$13),"ALERTA FUERTE",IF(AND(W5>=CONFIG!$B$12,R5>=CONFIG!$B$13),"ALERTA MEDIA","NO APTO")))))) | Z5: =IF(Y5="","",IF(Y5="NO APTO","Revisar cuota/probabilidad/EV/puntuación/muestra",IF(Y5="ALERTA FUERTE","Cumple filtros de cuota + probabilidad + EV + confianza + muestra","Cumple filtros, pero confianza inferior a FUERTE")))
A6: =IF(E6="","",ROW()-1) | B6: 2026-08-19 | C6: 03:00 | D6: Friendlies Clubs | E6: Elche II vs FC Cartagena | F6: PENDIENTE | G6: SELECCIONAR MERCADO | T6: =IFERROR(1/H6,"") | U6: =IF(OR(S6="",T6=""),"",S6-T6) | V6: =IF(OR(S6="",H6=""),"",S6*H6-1) | W6: =IF(E6="","",ROUND(100*(0.22*I6+0.18*J6+0.18*K6+0.10*L6+0.08*M6+0.06*N6+0.06*O6+0.04*P6+0.04*Q6+0.04*MIN(R6/10,1)),0)) | X6: =IF(W6="","",IF(W6>=CONFIG!$B$11,"FUERTE",IF(W6>=CONFIG!$B$12,"MEDIA","BAJA"))) | Y6: =IF(OR(H6="",S6=""),"",IF(OR(H6<CONFIG!$B$2,H6>CONFIG!$B$3),"NO APTO",IF(S6<IF(H6<1.6,CONFIG!$B$4,IF(H6<1.7,CONFIG!$B$5,IF(H6<1.8,CONFIG!$B$6,IF(H6<2,CONFIG!$B$7,IF(H6<2.2,CONFIG!$B$8,CONFIG!$B$9))))),"NO APTO",IF(V6<CONFIG!$B$10,"NO APTO",IF(AND(W6>=CONFIG!$B$11,R6>=CONFIG!$B$13),"ALERTA FUERTE",IF(AND(W6>=CONFIG!$B$12,R6>=CONFIG!$B$13),"ALERTA MEDIA","NO APTO")))))) | Z6: =IF(Y6="","",IF(Y6="NO APTO","Revisar cuota/probabilidad/EV/puntuación/muestra",IF(Y6="ALERTA FUERTE","Cumple filtros de cuota + probabilidad + EV + confianza + muestra","Cumple filtros, pero confianza inferior a FUERTE")))
A7: =IF(E7="","",ROW()-1) | B7: 2026-08-19 | C7: 04:00 | D7: NB III - Southeast | E7: Vasas II vs Honvéd II | F7: PENDIENTE | G7: SELECCIONAR MERCADO | T7: =IFERROR(1/H7,"") | U7: =IF(OR(S7="",T7=""),"",S7-T7) | V7: =IF(OR(S7="",H7=""),"",S7*H7-1) | W7: =IF(E7="","",ROUND(100*(0.22*I7+0.18*J7+0.18*K7+0.10*L7+0.08*M7+0.06*N7+0.06*O7+0.04*P7+0.04*Q7+0.04*MIN(R7/10,1)),0)) | X7: =IF(W7="","",IF(W7>=CONFIG!$B$11,"FUERTE",IF(W7>=CONFIG!$B$12,"MEDIA","BAJA"))) | Y7: =IF(OR(H7="",S7=""),"",IF(OR(H7<CONFIG!$B$2,H7>CONFIG!$B$3),"NO APTO",IF(S7<IF(H7<1.6,CONFIG!$B$4,IF(H7<1.7,CONFIG!$B$5,IF(H7<1.8,CONFIG!$B$6,IF(H7<2,CONFIG!$B$7,IF(H7<2.2,CONFIG!$B$8,CONFIG!$B$9))))),"NO APTO",IF(V7<CONFIG!$B$10,"NO APTO",IF(AND(W7>=CONFIG!$B$11,R7>=CONFIG!$B$13),"ALERTA FUERTE",IF(AND(W7>=CONFIG!$B$12,R7>=CONFIG!$B$13),"ALERTA MEDIA","NO APTO")))))) | Z7: =IF(Y7="","",IF(Y7="NO APTO","Revisar cuota/probabilidad/EV/puntuación/muestra",IF(Y7="ALERTA FUERTE","Cumple filtros de cuota + probabilidad + EV + confianza + muestra","Cumple filtros, pero confianza inferior a FUERTE")))
A8: =IF(E8="","",ROW()-1) | B8: 2026-08-19 | C8: 04:00 | D8: U19 Bundesliga | E8: Dynamo Dresden U19 vs Eintracht Frankf U19 | F8: PENDIENTE | G8: SELECCIONAR MERCADO | T8: =IFERROR(1/H8,"") | U8: =IF(OR(S8="",T8=""),"",S8-T8) | V8: =IF(OR(S8="",H8=""),"",S8*H8-1) | W8: =IF(E8="","",ROUND(100*(0.22*I8+0.18*J8+0.18*K8+0.10*L8+0.08*M8+0.06*N8+0.06*O8+0.04*P8+0.04*Q8+0.04*MIN(R8/10,1)),0)) | X8: =IF(W8="","",IF(W8>=CONFIG!$B$11,"FUERTE",IF(W8>=CONFIG!$B$12,"MEDIA","BAJA"))) | Y8: =IF(OR(H8="",S8=""),"",IF(OR(H8<CONFIG!$B$2,H8>CONFIG!$B$3),"NO APTO",IF(S8<IF(H8<1.6,CONFIG!$B$4,IF(H8<1.7,CONFIG!$B$5,IF(H8<1.8,CONFIG!$B$6,IF(H8<2,CONFIG!$B$7,IF(H8<2.2,CONFIG!$B$8,CONFIG!$B$9))))),"NO APTO",IF(V8<CONFIG!$B$10,"NO APTO",IF(AND(W8>=CONFIG!$B$11,R8>=CONFIG!$B$13),"ALERTA FUERTE",IF(AND(W8>=CONFIG!$B$12,R8>=CONFIG!$B$13),"ALERTA MEDIA","NO APTO")))))) | Z8: =IF(Y8="","",IF(Y8="NO APTO","Revisar cuota/probabilidad/EV/puntuación/muestra",IF(Y8="ALERTA FUERTE","Cumple filtros de cuota + probabilidad + EV + confianza + muestra","Cumple filtros, pero confianza inferior a FUERTE")))
A9: =IF(E9="","",ROW()-1) | B9: 2026-08-19 | C9: 04:00 | D9: U19 League | E9: Dynamo Kyiv U19 vs SK Metalurh U19 | F9: PENDIENTE | G9: SELECCIONAR MERCADO | T9: =IFERROR(1/H9,"") | U9: =IF(OR(S9="",T9=""),"",S9-T9) | V9: =IF(OR(S9="",H9=""),"",S9*H9-1) | W9: =IF(E9="","",ROUND(100*(0.22*I9+0.18*J9+0.18*K9+0.10*L9+0.08*M9+0.06*N9+0.06*O9+0.04*P9+0.04*Q9+0.04*MIN(R9/10,1)),0)) | X9: =IF(W9="","",IF(W9>=CONFIG!$B$11,"FUERTE",IF(W9>=CONFIG!$B$12,"MEDIA","BAJA"))) | Y9: =IF(OR(H9="",S9=""),"",IF(OR(H9<CONFIG!$B$2,H9>CONFIG!$B$3),"NO APTO",IF(S9<IF(H9<1.6,CONFIG!$B$4,IF(H9<1.7,CONFIG!$B$5,IF(H9<1.8,CONFIG!$B$6,IF(H9<2,CONFIG!$B$7,IF(H9<2.2,CONFIG!$B$8,CONFIG!$B$9))))),"NO APTO",IF(V9<CONFIG!$B$10,"NO APTO",IF(AND(W9>=CONFIG!$B$11,R9>=CONFIG!$B$13),"ALERTA FUERTE",IF(AND(W9>=CONFIG!$B$12,R9>=CONFIG!$B$13),"ALERTA MEDIA","NO APTO")))))) | Z9: =IF(Y9="","",IF(Y9="NO APTO","Revisar cuota/probabilidad/EV/puntuación/muestra",IF(Y9="ALERTA FUERTE","Cumple filtros de cuota + probabilidad + EV + confianza + muestra","Cumple filtros, pero confianza inferior a FUERTE")))
A10: =IF(E10="","",ROW()-1) | B10: 2026-08-19 | C10: 04:00 | D10: Emperor Cup | E10: Beluga Rosso Iwami vs Nagasaki Intl University | F10: PENDIENTE | G10: SELECCIONAR MERCADO | T10: =IFERROR(1/H10,"") | U10: =IF(OR(S10="",T10=""),"",S10-T10) | V10: =IF(OR(S10="",H10=""),"",S10*H10-1) | W10: =IF(E10="","",ROUND(100*(0.22*I10+0.18*J10+0.18*K10+0.10*L10+0.08*M10+0.06*N10+0.06*O10+0.04*P10+0.04*Q10+0.04*MIN(R10/10,1)),0)) | X10: =IF(W10="","",IF(W10>=CONFIG!$B$11,"FUERTE",IF(W10>=CONFIG!$B$12,"MEDIA","BAJA"))) | Y10: =IF(OR(H10="",S10=""),"",IF(OR(H10<CONFIG!$B$2,H10>CONFIG!$B$3),"NO APTO",IF(S10<IF(H10<1.6,CONFIG!$B$4,IF(H10<1.7,CONFIG!$B$5,IF(H10<1.8,CONFIG!$B$6,IF(H10<2,CONFIG!$B$7,IF(H10<2.2,CONFIG!$B$8,CONFIG!$B$9))))),"NO APTO",IF(V10<CONFIG!$B$10,"NO APTO",IF(AND(W10>=CONFIG!$B$11,R10>=CONFIG!$B$13),"ALERTA FUERTE",IF(AND(W10>=CONFIG!$B$12,R10>=CONFIG!$B$13),"ALERTA MEDIA","NO APTO")))))) | Z10: =IF(Y10="","",IF(Y10="NO APTO","Revisar cuota/probabilidad/EV/puntuación/muestra",IF(Y10="ALERTA FUERTE","Cumple filtros de cuota + probabilidad + EV + confianza + muestra","Cumple filtros, pero confianza inferior a FUERTE")))
A11: =IF(E11="","",ROW()-1) | B11: 2026-08-19 | C11: 04:00 | D11: Emperor Cup | E11: Reinmeer Aomori vs Akita University | F11: PENDIENTE | G11: SELECCIONAR MERCADO | T11: =IFERROR(1/H11,"") | U11: =IF(OR(S11="",T11=""),"",S11-T11) | V11: =IF(OR(S11="",H11=""),"",S11*H11-1) | W11: =IF(E11="","",ROUND(100*(0.22*I11+0.18*J11+0.18*K11+0.10*L11+0.08*M11+0.06*N11+0.06*O11+0.04*P11+0.04*Q11+0.04*MIN(R11/10,1)),0)) | X11: =IF(W11="","",IF(W11>=CONFIG!$B$11,"FUERTE",IF(W11>=CONFIG!$B$12,"MEDIA","BAJA"))) | Y11: =IF(OR(H11="",S11=""),"",IF(OR(H11<CONFIG!$B$2,H11>CONFIG!$B$3),"NO APTO",IF(S11<IF(H11<1.6,CONFIG!$B$4,IF(H11<1.7,CONFIG!$B$5,IF(H11<1.8,CONFIG!$B$6,IF(H11<2,CONFIG!$B$7,IF(H11<2.2,CONFIG!$B$8,CONFIG!$B$9))))),"NO APTO",IF(V11<CONFIG!$B$10,"NO APTO",IF(AND(W11>=CONFIG!$B$11,R11>=CONFIG!$B$13),"ALERTA FUERTE",IF(AND(W11>=CONFIG!$B$12,R11>=CONFIG!$B$13),"ALERTA MEDIA","NO APTO")))))) | Z11: =IF(Y11="","",IF(Y11="NO APTO","Revisar cuota/probabilidad/EV/puntuación/muestra",IF(Y11="ALERTA FUERTE","Cumple filtros de cuota + probabilidad + EV + confianza + muestra","Cumple filtros, pero confianza inferior a FUERTE")))
A12: =IF(E12="","",ROW()-1) | B12: 2026-08-19 | C12: 04:30 | D12: Calcutta Premier Division | E12: Mohammedan vs Police | F12: PENDIENTE | G12: SELECCIONAR MERCADO | T12: =IFERROR(1/H12,"") | U12: =IF(OR(S12="",T12=""),"",S12-T12) | V12: =IF(OR(S12="",H12=""),"",S12*H12-1) | W12: =IF(E12="","",ROUND(100*(0.22*I12+0.18*J12+0.18*K12+0.10*L12+0.08*M12+0.06*N12+0.06*O12+0.04*P12+0.04*Q12+0.04*MIN(R12/10,1)),0)) | X12: =IF(W12="","",IF(W12>=CONFIG!$B$11,"FUERTE",IF(W12>=CONFIG!$B$12,"MEDIA","BAJA"))) | Y12: =IF(OR(H12="",S12=""),"",IF(OR(H12<CONFIG!$B$2,H12>CONFIG!$B$3),"NO APTO",IF(S12<IF(H12<1.6,CONFIG!$B$4,IF(H12<1.7,CONFIG!$B$5,IF(H12<1.8,CONFIG!$B$6,IF(H12<2,CONFIG!$B$7,IF(H12<2.2,CONFIG!$B$8,CONFIG!$B$9))))),"NO APTO",IF(V12<CONFIG!$B$10,"NO APTO",IF(AND(W12>=CONFIG!$B$11,R12>=CONFIG!$B$13),"ALERTA FUERTE",IF(AND(W12>=CONFIG!$B$12,R12>=CONFIG!$B$13),"ALERTA MEDIA","NO APTO")))))) | Z12: =IF(Y12="","",IF(Y12="NO APTO","Revisar cuota/probabilidad/EV/puntuación/muestra",IF(Y12="ALERTA FUERTE","Cumple filtros de cuota + probabilidad + EV + confianza + muestra","Cumple filtros, pero confianza inferior a FUERTE")))
A13: =IF(E13="","",ROW()-1) | B13: 2026-08-19 | C13: 04:30 | D13: Friendlies Clubs | E13: RSD Alcalá vs Gimnástica Segoviana | F13: PENDIENTE | G13: SELECCIONAR MERCADO | T13: =IFERROR(1/H13,"") | U13: =IF(OR(S13="",T13=""),"",S13-T13) | V13: =IF(OR(S13="",H13=""),"",S13*H13-1) | W13: =IF(E13="","",ROUND(100*(0.22*I13+0.18*J13+0.18*K13+0.10*L13+0.08*M13+0.06*N13+0.06*O13+0.04*P13+0.04*Q13+0.04*MIN(R13/10,1)),0)) | X13: =IF(W13="","",IF(W13>=CONFIG!$B$11,"FUERTE",IF(W13>=CONFIG!$B$12,"MEDIA","BAJA"))) | Y13: =IF(OR(H13="",S13=""),"",IF(OR(H13<CONFIG!$B$2,H13>CONFIG!$B$3),"NO APTO",IF(S13<IF(H13<1.6,CONFIG!$B$4,IF(H13<1.7,CONFIG!$B$5,IF(H13<1.8,CONFIG!$B$6,IF(H13<2,CONFIG!$B$7,IF(H13<2.2,CONFIG!$B$8,CONFIG!$B$9))))),"NO APTO",IF(V13<CONFIG!$B$10,"NO APTO",IF(AND(W13>=CONFIG!$B$11,R13>=CONFIG!$B$13),"ALERTA FUERTE",IF(AND(W13>=CONFIG!$B$12,R13>=CONFIG!$B$13),"ALERTA MEDIA","NO APTO")))))) | Z13: =IF(Y13="","",IF(Y13="NO APTO","Revisar cuota/probabilidad/EV/puntuación/muestra",IF(Y13="ALERTA FUERTE","Cumple filtros de cuota + probabilidad + EV + confianza + muestra","Cumple filtros, pero confianza inferior a FUERTE")))
... A301: =IF(E301="","",ROW()-1) | B301: 2026-08-19 | C301: 14:30 | D301: Copa Venezuela | E301: Atletico el Vigia FC vs Real Frontera | F301: PENDIENTE | G301: SELECCIONAR MERCADO | T301: =IFERROR(1/H301,"") | U301: =IF(OR(S301="",T301=""),"",S301-T301) | V301: =IF(OR(S301="",H301=""),"",S301*H301-1) | W301: =IF(E301="","",ROUND(100*(0.22*I301+0.18*J301+0.18*K301+0.10*L301+0.08*M301+0.06*N301+0.06*O301+0.04*P301+0.04*Q301+0.04*MIN(R301/10,1)),0)) | X301: =IF(W301="","",IF(W301>=CONFIG!$B$11,"FUERTE",IF(W301>=CONFIG!$B$12,"MEDIA","BAJA"))) | Y301: =IF(OR(H301="",S301=""),"",IF(OR(H301<CONFIG!$B$2,H301>CONFIG!$B$3),"NO APTO",IF(S301<IF(H301<1.6,CONFIG!$B$4,IF(H301<1.7,CONFIG!$B$5,IF(H301<1.8,CONFIG!$B$6,IF(H301<2,CONFIG!$B$7,IF(H301<2.2,CONFIG!$B$8,CONFIG!$B$9))))),"NO APTO",IF(V301<CONFIG!$B$10,"NO APTO",IF(AND(W301>=CONFIG!$B$11,R301>=CONFIG!$B$13),"ALERTA FUERTE",IF(AND(W301>=CONFIG!$B$12,R301>=CONFIG!$B$13),"ALERTA MEDIA","NO APTO")))))) | Z301: =IF(Y301="","",IF(Y301="NO APTO","Revisar cuota/probabilidad/EV/puntuación/muestra",IF(Y301="ALERTA FUERTE","Cumple filtros de cuota + probabilidad + EV + confianza + muestra","Cumple filtros, pero confianza inferior a FUERTE")))

Sheet BASE_DATOS
A1: FECHA | B1: LIGA | C1: EQUIPO | D1: CONDICIÓN | E1: RIVAL | F1: PARTIDOS_MUESTRA | G1: GOLES_FAVOR | H1: GOLES_CONTRA | I1: CORNERS_FAVOR | J1: CORNERS_CONTRA | K1: TIROS | L1: TIROS_ARCO | M1: FALTAS | N1: TARJETAS | O1: PASES | P1: OBSERVACIONES
A502: 2026-08-19 | B502: OFC Champions League | C502: ABM Galaxy | D502: LOCAL | E502: Central Coast | P502: fixture_id=1628931
A503: 2026-08-19 | B503: U19 League | C503: LNZ Cherkasy U19 | D503: LOCAL | E503: Lviv U19 | P503: fixture_id=1611866
A504: 2026-08-19 | B504: Emperor Cup | C504: Arterivo Wakayama | D504: LOCAL | E504: Azul Claro Numazu | P504: fixture_id=1623316
A505: 2026-08-19 | B505: Friendlies Clubs | C505: Dong Thap | D505: LOCAL | E505: Ho Chi Minh | P505: fixture_id=1629011
A506: 2026-08-19 | B506: Friendlies Clubs | C506: Elche II | D506: LOCAL | E506: FC Cartagena | P506: fixture_id=1629012
A507: 2026-08-19 | B507: NB III - Southeast | C507: Vasas II | D507: LOCAL | E507: Honvéd II | P507: fixture_id=1594331
A508: 2026-08-19 | B508: U19 Bundesliga | C508: Dynamo Dresden U19 | D508: LOCAL | E508: Eintracht Frankf U19 | P508: fixture_id=1595541
A509: 2026-08-19 | B509: U19 League | C509: Dynamo Kyiv U19 | D509: LOCAL | E509: SK Metalurh U19 | P509: fixture_id=1611865
A510: 2026-08-19 | B510: Emperor Cup | C510: Beluga Rosso Iwami | D510: LOCAL | E510: Nagasaki Intl University | P510: fixture_id=1623317
A511: 2026-08-19 | B511: Emperor Cup | C511: Reinmeer Aomori | D511: LOCAL | E511: Akita University | P511: fixture_id=1623318
A512: 2026-08-19 | B512: Calcutta Premier Division | C512: Mohammedan | D512: LOCAL | E512: Police | P512: fixture_id=1595184
A513: 2026-08-19 | B513: Friendlies Clubs | C513: RSD Alcalá | D513: LOCAL | E513: Gimnástica Segoviana | P513: fixture_id=1618947
... A863: 2026-08-19 | B863: CONCACAF Central American Cup | C863: FAS | D863: LOCAL | E863: Municipal | P863: fixture_id=1548365
A864: 2026-08-19 | B864: 2. Deild
A865: 2026-08-19 | B865: 2. Deild
A866: 2026-08-19 | B866: 2. Deild
A867: 2026-08-19 | B867: 2. Deild
A868: 2026-08-19 | B868: 2. Deild
A869: 2026-08-19 | B869: 2. Deild
A870: 2026-08-19 | B870: La Liga
A871: 2026-08-19 | B871: Major League Soccer
A872: 2026-08-19 | B872: Major League Soccer
A873: 2026-08-19 | B873: Major League Soccer
A874: 2026-08-19 | B874: Major League Soccer
A875: 2026-08-19 | B875: Major League Soccer
... A898: 2026-08-19 | B898: USL Championship

Sheet ALERTAS
A1: FECHA | B1: PARTIDO | C1: MERCADO | D1: SELECCIÓN | E1: CUOTA | F1: PROB. MODELO | G1: EV | H1: PUNTUACIÓN | I1: NIVEL | J1: DECISIÓN | K1: ESTADO | L1: PROB. MOTOR | M1: MARGEN | N1: EV MOTOR | O1: SCORE MOTOR
A2: =IF(EVALUADOR!Y2="","",EVALUADOR!B2) | B2: =IF(EVALUADOR!Y2="","",EVALUADOR!E2) | C2: =IF(EVALUADOR!Y2="","",EVALUADOR!F2) | D2: =IF(EVALUADOR!Y2="","",EVALUADOR!G2) | E2: =IF(EVALUADOR!Y2="","",EVALUADOR!H2) | F2: =IF(EVALUADOR!Y2="","",EVALUADOR!S2) | G2: =IF(EVALUADOR!Y2="","",EVALUADOR!V2) | H2: =IF(EVALUADOR!Y2="","",EVALUADOR!W2) | I2: =IF(EVALUADOR!Y2="","",EVALUADOR!X2) | J2: =IF(EVALUADOR!Y2="","",EVALUADOR!Y2) | K2: =IF(OR(J2="ALERTA FUERTE",J2="ALERTA MEDIA"),"PENDIENTE","-") | L2: =IF(MOTOR!T2="","",MOTOR!O2) | M2: =IF(MOTOR!T2="","",MOTOR!Q2) | N2: =IF(MOTOR!T2="","",MOTOR!R2) | O2: =IF(MOTOR!T2="","",MOTOR!S2)
A3: =IF(EVALUADOR!Y3="","",EVALUADOR!B3) | B3: =IF(EVALUADOR!Y3="","",EVALUADOR!E3) | C3: =IF(EVALUADOR!Y3="","",EVALUADOR!F3) | D3: =IF(EVALUADOR!Y3="","",EVALUADOR!G3) | E3: =IF(EVALUADOR!Y3="","",EVALUADOR!H3) | F3: =IF(EVALUADOR!Y3="","",EVALUADOR!S3) | G3: =IF(EVALUADOR!Y3="","",EVALUADOR!V3) | H3: =IF(EVALUADOR!Y3="","",EVALUADOR!W3) | I3: =IF(EVALUADOR!Y3="","",EVALUADOR!X3) | J3: =IF(EVALUADOR!Y3="","",EVALUADOR!Y3) | K3: =IF(OR(J3="ALERTA FUERTE",J3="ALERTA MEDIA"),"PENDIENTE","-") | L3: =IF(MOTOR!T3="","",MOTOR!O3) | M3: =IF(MOTOR!T3="","",MOTOR!Q3) | N3: =IF(MOTOR!T3="","",MOTOR!R3) | O3: =IF(MOTOR!T3="","",MOTOR!S3)
A4: =IF(EVALUADOR!Y4="","",EVALUADOR!B4) | B4: =IF(EVALUADOR!Y4="","",EVALUADOR!E4) | C4: =IF(EVALUADOR!Y4="","",EVALUADOR!F4) | D4: =IF(EVALUADOR!Y4="","",EVALUADOR!G4) | E4: =IF(EVALUADOR!Y4="","",EVALUADOR!H4) | F4: =IF(EVALUADOR!Y4="","",EVALUADOR!S4) | G4: =IF(EVALUADOR!Y4="","",EVALUADOR!V4) | H4: =IF(EVALUADOR!Y4="","",EVALUADOR!W4) | I4: =IF(EVALUADOR!Y4="","",EVALUADOR!X4) | J4: =IF(EVALUADOR!Y4="","",EVALUADOR!Y4) | K4: =IF(OR(J4="ALERTA FUERTE",J4="ALERTA MEDIA"),"PENDIENTE","-") | L4: =IF(MOTOR!T4="","",MOTOR!O4) | M4: =IF(MOTOR!T4="","",MOTOR!Q4) | N4: =IF(MOTOR!T4="","",MOTOR!R4) | O4: =IF(MOTOR!T4="","",MOTOR!S4)
A5: =IF(EVALUADOR!Y5="","",EVALUADOR!B5) | B5: =IF(EVALUADOR!Y5="","",EVALUADOR!E5) | C5: =IF(EVALUADOR!Y5="","",EVALUADOR!F5) | D5: =IF(EVALUADOR!Y5="","",EVALUADOR!G5) | E5: =IF(EVALUADOR!Y5="","",EVALUADOR!H5) | F5: =IF(EVALUADOR!Y5="","",EVALUADOR!S5) | G5: =IF(EVALUADOR!Y5="","",EVALUADOR!V5) | H5: =IF(EVALUADOR!Y5="","",EVALUADOR!W5) | I5: =IF(EVALUADOR!Y5="","",EVALUADOR!X5) | J5: =IF(EVALUADOR!Y5="","",EVALUADOR!Y5) | K5: =IF(OR(J5="ALERTA FUERTE",J5="ALERTA MEDIA"),"PENDIENTE","-") | L5: =IF(MOTOR!T5="","",MOTOR!O5) | M5: =IF(MOTOR!T5="","",MOTOR!Q5) | N5: =IF(MOTOR!T5="","",MOTOR!R5) | O5: =IF(MOTOR!T5="","",MOTOR!S5)
A6: =IF(EVALUADOR!Y6="","",EVALUADOR!B6) | B6: =IF(EVALUADOR!Y6="","",EVALUADOR!E6) | C6: =IF(EVALUADOR!Y6="","",EVALUADOR!F6) | D6: =IF(EVALUADOR!Y6="","",EVALUADOR!G6) | E6: =IF(EVALUADOR!Y6="","",EVALUADOR!H6) | F6: =IF(EVALUADOR!Y6="","",EVALUADOR!S6) | G6: =IF(EVALUADOR!Y6="","",EVALUADOR!V6) | H6: =IF(EVALUADOR!Y6="","",EVALUADOR!W6) | I6: =IF(EVALUADOR!Y6="","",EVALUADOR!X6) | J6: =IF(EVALUADOR!Y6="","",EVALUADOR!Y6) | K6: =IF(OR(J6="ALERTA FUERTE",J6="ALERTA MEDIA"),"PENDIENTE","-") | L6: =IF(MOTOR!T6="","",MOTOR!O6) | M6: =IF(MOTOR!T6="","",MOTOR!Q6) | N6: =IF(MOTOR!T6="","",MOTOR!R6) | O6: =IF(MOTOR!T6="","",MOTOR!S6)
A7: =IF(EVALUADOR!Y7="","",EVALUADOR!B7) | B7: =IF(EVALUADOR!Y7="","",EVALUADOR!E7) | C7: =IF(EVALUADOR!Y7="","",EVALUADOR!F7) | D7: =IF(EVALUADOR!Y7="","",EVALUADOR!G7) | E7: =IF(EVALUADOR!Y7="","",EVALUADOR!H7) | F7: =IF(EVALUADOR!Y7="","",EVALUADOR!S7) | G7: =IF(EVALUADOR!Y7="","",EVALUADOR!V7) | H7: =IF(EVALUADOR!Y7="","",EVALUADOR!W7) | I7: =IF(EVALUADOR!Y7="","",EVALUADOR!X7) | J7: =IF(EVALUADOR!Y7="","",EVALUADOR!Y7) | K7: =IF(OR(J7="ALERTA FUERTE",J7="ALERTA MEDIA"),"PENDIENTE","-") | L7: =IF(MOTOR!T7="","",MOTOR!O7) | M7: =IF(MOTOR!T7="","",MOTOR!Q7) | N7: =IF(MOTOR!T7="","",MOTOR!R7) | O7: =IF(MOTOR!T7="","",MOTOR!S7)
A8: =IF(EVALUADOR!Y8="","",EVALUADOR!B8) | B8: =IF(EVALUADOR!Y8="","",EVALUADOR!E8) | C8: =IF(EVALUADOR!Y8="","",EVALUADOR!F8) | D8: =IF(EVALUADOR!Y8="","",EVALUADOR!G8) | E8: =IF(EVALUADOR!Y8="","",EVALUADOR!H8) | F8: =IF(EVALUADOR!Y8="","",EVALUADOR!S8) | G8: =IF(EVALUADOR!Y8="","",EVALUADOR!V8) | H8: =IF(EVALUADOR!Y8="","",EVALUADOR!W8) | I8: =IF(EVALUADOR!Y8="","",EVALUADOR!X8) | J8: =IF(EVALUADOR!Y8="","",EVALUADOR!Y8) | K8: =IF(OR(J8="ALERTA FUERTE",J8="ALERTA MEDIA"),"PENDIENTE","-") | L8: =IF(MOTOR!T8="","",MOTOR!O8) | M8: =IF(MOTOR!T8="","",MOTOR!Q8) | N8: =IF(MOTOR!T8="","",MOTOR!R8) | O8: =IF(MOTOR!T8="","",MOTOR!S8)
A9: =IF(EVALUADOR!Y9="","",EVALUADOR!B9) | B9: =IF(EVALUADOR!Y9="","",EVALUADOR!E9) | C9: =IF(EVALUADOR!Y9="","",EVALUADOR!F9) | D9: =IF(EVALUADOR!Y9="","",EVALUADOR!G9) | E9: =IF(EVALUADOR!Y9="","",EVALUADOR!H9) | F9: =IF(EVALUADOR!Y9="","",EVALUADOR!S9) | G9: =IF(EVALUADOR!Y9="","",EVALUADOR!V9) | H9: =IF(EVALUADOR!Y9="","",EVALUADOR!W9) | I9: =IF(EVALUADOR!Y9="","",EVALUADOR!X9) | J9: =IF(EVALUADOR!Y9="","",EVALUADOR!Y9) | K9: =IF(OR(J9="ALERTA FUERTE",J9="ALERTA MEDIA"),"PENDIENTE","-") | L9: =IF(MOTOR!T9="","",MOTOR!O9) | M9: =IF(MOTOR!T9="","",MOTOR!Q9) | N9: =IF(MOTOR!T9="","",MOTOR!R9) | O9: =IF(MOTOR!T9="","",MOTOR!S9)
A10: =IF(EVALUADOR!Y10="","",EVALUADOR!B10) | B10: =IF(EVALUADOR!Y10="","",EVALUADOR!E10) | C10: =IF(EVALUADOR!Y10="","",EVALUADOR!F10) | D10: =IF(EVALUADOR!Y10="","",EVALUADOR!G10) | E10: =IF(EVALUADOR!Y10="","",EVALUADOR!H10) | F10: =IF(EVALUADOR!Y10="","",EVALUADOR!S10) | G10: =IF(EVALUADOR!Y10="","",EVALUADOR!V10) | H10: =IF(EVALUADOR!Y10="","",EVALUADOR!W10) | I10: =IF(EVALUADOR!Y10="","",EVALUADOR!X10) | J10: =IF(EVALUADOR!Y10="","",EVALUADOR!Y10) | K10: =IF(OR(J10="ALERTA FUERTE",J10="ALERTA MEDIA"),"PENDIENTE","-") | L10: =IF(MOTOR!T10="","",MOTOR!O10) | M10: =IF(MOTOR!T10="","",MOTOR!Q10) | N10: =IF(MOTOR!T10="","",MOTOR!R10) | O10: =IF(MOTOR!T10="","",MOTOR!S10)
A11: =IF(EVALUADOR!Y11="","",EVALUADOR!B11) | B11: =IF(EVALUADOR!Y11="","",EVALUADOR!E11) | C11: =IF(EVALUADOR!Y11="","",EVALUADOR!F11) | D11: =IF(EVALUADOR!Y11="","",EVALUADOR!G11) | E11: =IF(EVALUADOR!Y11="","",EVALUADOR!H11) | F11: =IF(EVALUADOR!Y11="","",EVALUADOR!S11) | G11: =IF(EVALUADOR!Y11="","",EVALUADOR!V11) | H11: =IF(EVALUADOR!Y11="","",EVALUADOR!W11) | I11: =IF(EVALUADOR!Y11="","",EVALUADOR!X11) | J11: =IF(EVALUADOR!Y11="","",EVALUADOR!Y11) | K11: =IF(OR(J11="ALERTA FUERTE",J11="ALERTA MEDIA"),"PENDIENTE","-") | L11: =IF(MOTOR!T11="","",MOTOR!O11) | M11: =IF(MOTOR!T11="","",MOTOR!Q11) | N11: =IF(MOTOR!T11="","",MOTOR!R11) | O11: =IF(MOTOR!T11="","",MOTOR!S11)
A12: =IF(EVALUADOR!Y12="","",EVALUADOR!B12) | B12: =IF(EVALUADOR!Y12="","",EVALUADOR!E12) | C12: =IF(EVALUADOR!Y12="","",EVALUADOR!F12) | D12: =IF(EVALUADOR!Y12="","",EVALUADOR!G12) | E12: =IF(EVALUADOR!Y12="","",EVALUADOR!H12) | F12: =IF(EVALUADOR!Y12="","",EVALUADOR!S12) | G12: =IF(EVALUADOR!Y12="","",EVALUADOR!V12) | H12: =IF(EVALUADOR!Y12="","",EVALUADOR!W12) | I12: =IF(EVALUADOR!Y12="","",EVALUADOR!X12) | J12: =IF(EVALUADOR!Y12="","",EVALUADOR!Y12) | K12: =IF(OR(J12="ALERTA FUERTE",J12="ALERTA MEDIA"),"PENDIENTE","-") | L12: =IF(MOTOR!T12="","",MOTOR!O12) | M12: =IF(MOTOR!T12="","",MOTOR!Q12) | N12: =IF(MOTOR!T12="","",MOTOR!R12) | O12: =IF(MOTOR!T12="","",MOTOR!S12)
A13: =IF(EVALUADOR!Y13="","",EVALUADOR!B13) | B13: =IF(EVALUADOR!Y13="","",EVALUADOR!E13) | C13: =IF(EVALUADOR!Y13="","",EVALUADOR!F13) | D13: =IF(EVALUADOR!Y13="","",EVALUADOR!G13) | E13: =IF(EVALUADOR!Y13="","",EVALUADOR!H13) | F13: =IF(EVALUADOR!Y13="","",EVALUADOR!S13) | G13: =IF(EVALUADOR!Y13="","",EVALUADOR!V13) | H13: =IF(EVALUADOR!Y13="","",EVALUADOR!W13) | I13: =IF(EVALUADOR!Y13="","",EVALUADOR!X13) | J13: =IF(EVALUADOR!Y13="","",EVALUADOR!Y13) | K13: =IF(OR(J13="ALERTA FUERTE",J13="ALERTA MEDIA"),"PENDIENTE","-") | L13: =IF(MOTOR!T13="","",MOTOR!O13) | M13: =IF(MOTOR!T13="","",MOTOR!Q13) | N13: =IF(MOTOR!T13="","",MOTOR!R13) | O13: =IF(MOTOR!T13="","",MOTOR!S13)
... A101: =IF(EVALUADOR!Y101="","",EVALUADOR!B101) | B101: =IF(EVALUADOR!Y101="","",EVALUADOR!E101) | C101: =IF(EVALUADOR!Y101="","",EVALUADOR!F101) | D101: =IF(EVALUADOR!Y101="","",EVALUADOR!G101) | E101: =IF(EVALUADOR!Y101="","",EVALUADOR!H101) | F101: =IF(EVALUADOR!Y101="","",EVALUADOR!S101) | G101: =IF(EVALUADOR!Y101="","",EVALUADOR!V101) | H101: =IF(EVALUADOR!Y101="","",EVALUADOR!W101) | I101: =IF(EVALUADOR!Y101="","",EVALUADOR!X101) | J101: =IF(EVALUADOR!Y101="","",EVALUADOR!Y101) | K101: =IF(OR(J101="ALERTA FUERTE",J101="ALERTA MEDIA"),"PENDIENTE","-") | L101: =IF(MOTOR!T101="","",MOTOR!O101) | M101: =IF(MOTOR!T101="","",MOTOR!Q101) | N101: =IF(MOTOR!T101="","",MOTOR!R101) | O101: =IF(MOTOR!T101="","",MOTOR!S101)

Sheet RESULTADOS
A1: FECHA | B1: PARTIDO | C1: MERCADO | D1: SELECCIÓN | E1: CUOTA | F1: RESULTADO | G1: GANANCIA_NETA | H1: STAKE | I1: ROI | J1: OBSERVACIÓN
G2: =IF(F2="","",IF(F2="GANADA",H2*(E2-1),IF(F2="PERDIDA",-H2,0))) | I2: =IFERROR(G2/H2,"")
G3: =IF(F3="","",IF(F3="GANADA",H3*(E3-1),IF(F3="PERDIDA",-H3,0))) | I3: =IFERROR(G3/H3,"")
G4: =IF(F4="","",IF(F4="GANADA",H4*(E4-1),IF(F4="PERDIDA",-H4,0))) | I4: =IFERROR(G4/H4,"")
G5: =IF(F5="","",IF(F5="GANADA",H5*(E5-1),IF(F5="PERDIDA",-H5,0))) | I5: =IFERROR(G5/H5,"")
G6: =IF(F6="","",IF(F6="GANADA",H6*(E6-1),IF(F6="PERDIDA",-H6,0))) | I6: =IFERROR(G6/H6,"")
G7: =IF(F7="","",IF(F7="GANADA",H7*(E7-1),IF(F7="PERDIDA",-H7,0))) | I7: =IFERROR(G7/H7,"")
G8: =IF(F8="","",IF(F8="GANADA",H8*(E8-1),IF(F8="PERDIDA",-H8,0))) | I8: =IFERROR(G8/H8,"")
G9: =IF(F9="","",IF(F9="GANADA",H9*(E9-1),IF(F9="PERDIDA",-H9,0))) | I9: =IFERROR(G9/H9,"")
G10: =IF(F10="","",IF(F10="GANADA",H10*(E10-1),IF(F10="PERDIDA",-H10,0))) | I10: =IFERROR(G10/H10,"")
G11: =IF(F11="","",IF(F11="GANADA",H11*(E11-1),IF(F11="PERDIDA",-H11,0))) | I11: =IFERROR(G11/H11,"")
G12: =IF(F12="","",IF(F12="GANADA",H12*(E12-1),IF(F12="PERDIDA",-H12,0))) | I12: =IFERROR(G12/H12,"")
G13: =IF(F13="","",IF(F13="GANADA",H13*(E13-1),IF(F13="PERDIDA",-H13,0))) | I13: =IFERROR(G13/H13,"")
... G301: =IF(F301="","",IF(F301="GANADA",H301*(E301-1),IF(F301="PERDIDA",-H301,0))) | I301: =IFERROR(G301/H301,"")

Sheet DASHBOARD
A1: DASHBOARD — BOT DE APUESTAS V2.2
A3: Alertas fuertes | B3: =COUNTIF(MOTOR!T:T,"ALERTA FUERTE") | D3: Alertas fuertes MOTOR
A4: Alertas medias | B4: =COUNTIF(MOTOR!T:T,"ALERTA MEDIA") | D4: Alertas medias MOTOR
A5: Apuestas registradas | B5: =IFERROR(AVERAGE(MOTOR!R:R),0) | D5: EV promedio MOTOR
A6: Ganadas | B6: =COUNTIF(RESULTADOS!F:F,"GANADA")
A7: Perdidas | B7: =COUNTIF(RESULTADOS!F:F,"PERDIDA")
A8: % acierto | B8: =IFERROR(B6/(B6+B7),0)
A9: ROI acumulado | B9: =IFERROR(SUM(RESULTADOS!G:G)/SUM(RESULTADOS!H:H),0)
A10: EV promedio | B10: =IFERROR(AVERAGE(EVALUADOR!V:V),0)
A12: FLUJO DE USO
A13: 1. Carga partido, mercado y cuota en EVALUADOR.
A14: 2. Coloca valores 0–1 en los criterios estadísticos.
A15: 3. Ingresa la probabilidad estimada por V2.2.
A16: 4. El modelo calcula probabilidad implícita, margen y EV.
A17: 5. DECISIÓN devuelve ALERTA FUERTE / MEDIA / NO APTO.
A18: 6. Copia las alertas a RESULTADOS y registra GANADA/PERDIDA.
A19: 7. DASHBOARD mide acierto, ROI y EV.

Sheet API_STATS
A1: fixture_id | B1: date | C1: league | D1: country | E1: home | F1: away | G1: side | H1: team | I1: shots_on_goal | J1: shots_off_goal | K1: total_shots | L1: blocked_shots | M1: corners | N1: fouls | O1: offsides | P1: ball_possession | Q1: yellow_cards | R1: red_cards | S1: passes | T1: passes_accurate | U1: passes_pct | V1: expected_goals | W1: goals_prevented

Sheet API_ODDS
A1: fixture_id | B1: date | C1: league | D1: country | E1: home | F1: away | G1: bookmaker | H1: market | I1: selection | J1: odd

Sheet CONTROL_API
A1: Ejecución | B1: Fecha consultada | C1: Partidos encontrados | D1: BASE_DATOS nuevos | E1: API_STATS nuevos | F1: API_ODDS nuevos | G1: Países prioritarios
A2: 2026-08-19 13:53:58 | C2: 0 | D2: 0 | E2: 0 | F2: 0 | G2: Finland, Iceland
A3: 2026-08-19 14:10:47 | C3: 0 | D3: 0 | E3: 0 | F3: 0 | G3: Finland, Iceland
A4: 2026-08-19 14:28:10 | B4: 2026-08-19 | C4: 35 | D4: 35 | E4: 0 | F4: 0 | G4: Finland, Iceland
